crop_key,bs_month,forecasted_avg,forecasted_lower,forecasted_upper,forecast_days,nepali_month
tomato,1,50.31,30.24,71.48,31,Baisakh
tomato,2,59.57,37.0,82.7,31,Jestha
tomato,3,54.06,34.44,73.92,32,Ashadh
tomato,4,58.79,40.84,76.29,31,Shrawan
tomato,5,64.35,46.62,82.2,31,Bhadra
tomato,6,71.86,54.02,89.92,31,Ashwin
tomato,7,81.08,63.1,99.31,30,Kartik
tomato,8,78.57,60.05,97.39,29,Mangsir
tomato,9,57.14,38.56,75.74,30,Poush
tomato,10,44.97,26.53,63.53,29,Magh
tomato,11,44.8,26.13,63.86,30,Falgun
tomato,12,57.57,37.85,78.42,30,Chaitra
potato,1,25.94,1.85,55.11,31,Baisakh
potato,2,27.32,0.0,63.68,31,Jestha
potato,3,36.22,20.42,58.87,32,Ashadh
potato,4,46.46,41.61,51.41,31,Shrawan
potato,5,49.08,43.39,55.15,31,Bhadra
potato,6,54.41,46.58,63.26,31,Ashwin
potato,7,55.16,43.99,68.5,30,Kartik
potato,8,46.6,33.38,62.83,29,Mangsir
potato,9,32.91,20.1,48.43,30,Poush
potato,10,25.82,12.69,41.92,29,Magh
potato,11,23.19,8.39,40.96,30,Falgun
potato,12,24.63,5.58,47.69,30,Chaitra
onion,1,15.52,0.0,56.8,31,Baisakh
onion,2,14.64,0.0,65.89,31,Jestha
onion,3,45.08,26.56,89.22,32,Ashadh
onion,4,78.92,58.29,99.35,31,Shrawan
onion,5,81.22,59.35,103.12,31,Bhadra
onion,6,76.12,50.88,100.98,31,Ashwin
onion,7,62.13,34.52,90.14,30,Kartik
onion,8,44.97,15.54,73.51,29,Mangsir
onion,9,34.66,3.65,64.84,30,Poush
onion,10,30.6,0.0,64.89,29,Magh
onion,11,23.37,0.0,58.43,30,Falgun
onion,12,16.5,0.0,51.21,30,Chaitra
carrot,1,48.33,16.28,83.53,31,Baisakh
carrot,2,58.51,18.28,103.36,31,Jestha
carrot,3,83.73,46.36,123.82,32,Ashadh
carrot,4,103.54,83.17,123.66,31,Shrawan
carrot,5,108.42,87.59,129.41,31,Bhadra
carrot,6,115.99,93.73,139.21,31,Ashwin
carrot,7,113.05,88.62,139.43,30,Kartik
carrot,8,102.04,75.84,130.65,29,Mangsir
carrot,9,76.44,49.96,104.73,30,Poush
carrot,10,41.1,17.39,65.86,29,Magh
carrot,11,30.62,7.7,54.84,30,Falgun
carrot,12,35.53,9.98,62.67,30,Chaitra
cabbage,1,16.64,0.0,44.13,31,Baisakh
cabbage,2,16.97,0.0,46.59,31,Jestha
cabbage,3,26.93,6.58,54.15,32,Ashadh
cabbage,4,43.35,20.69,65.78,31,Shrawan
cabbage,5,56.12,33.8,78.71,31,Bhadra
cabbage,6,58.61,35.26,82.25,31,Ashwin
cabbage,7,43.59,19.84,67.43,30,Kartik
cabbage,8,43.17,18.46,68.17,29,Mangsir
cabbage,9,28.68,4.3,53.36,30,Poush
cabbage,10,18.48,0.0,42.39,29,Magh
cabbage,11,15.15,0.0,39.3,30,Falgun
cabbage,12,13.39,0.0,38.05,30,Chaitra
cauli,1,44.1,20.86,67.09,31,Baisakh
cauli,2,47.86,24.41,70.54,31,Jestha
cauli,3,67.06,43.73,89.94,32,Ashadh
cauli,4,87.99,65.31,111.08,31,Shrawan
cauli,5,98.05,75.11,120.84,31,Bhadra
cauli,6,89.35,66.28,112.24,31,Ashwin
cauli,7,81.11,58.01,103.9,30,Kartik
cauli,8,49.23,26.41,72.09,29,Mangsir
cauli,9,40.14,17.33,62.82,30,Poush
cauli,10,32.78,10.02,55.37,29,Magh
cauli,11,28.6,5.68,51.17,30,Falgun
cauli,12,37.64,14.89,60.88,30,Chaitra
raddish,1,22.97,8.47,37.34,31,Baisakh
raddish,2,17.82,3.43,32.47,31,Jestha
raddish,3,24.67,10.08,39.24,32,Ashadh
raddish,4,28.6,14.14,42.88,31,Shrawan
raddish,5,28.94,14.65,43.22,31,Bhadra
raddish,6,32.13,17.9,46.36,31,Ashwin
raddish,7,29.29,15.01,43.62,30,Kartik
raddish,8,25.59,11.14,39.96,29,Mangsir
raddish,9,22.98,8.58,37.37,30,Poush
raddish,10,20.97,6.58,35.28,29,Magh
raddish,11,24.31,9.94,38.73,30,Falgun
raddish,12,28.46,13.84,43.0,30,Chaitra
brinjal,1,21.44,6.07,36.78,31,Baisakh
brinjal,2,19.42,3.73,34.79,31,Jestha
brinjal,3,29.59,14.27,44.8,32,Ashadh
brinjal,4,39.43,24.33,54.56,31,Shrawan
brinjal,5,33.82,18.78,48.69,31,Bhadra
brinjal,6,36.56,21.59,51.28,31,Ashwin
brinjal,7,36.38,21.41,51.21,30,Kartik
brinjal,8,31.28,16.24,46.28,29,Mangsir
brinjal,9,30.03,14.97,45.09,30,Poush
brinjal,10,31.95,16.67,47.03,29,Magh
brinjal,11,33.94,18.64,49.49,30,Falgun
brinjal,12,24.52,9.35,39.77,30,Chaitra
cow_pea,1,49.18,25.19,72.98,31,Baisakh
cow_pea,2,36.85,12.73,60.39,31,Jestha
cow_pea,3,50.6,27.21,73.75,32,Ashadh
cow_pea,4,63.0,40.33,85.63,31,Shrawan
cow_pea,5,64.41,41.9,87.1,31,Bhadra
cow_pea,6,70.92,48.22,93.32,31,Ashwin
cow_pea,7,64.18,41.27,86.78,30,Kartik
cow_pea,8,55.91,32.71,78.37,29,Mangsir
cow_pea,9,52.45,29.47,75.42,30,Poush
cow_pea,10,32.61,12.67,55.67,29,Magh
cow_pea,11,58.3,36.43,81.76,30,Falgun
cow_pea,12,65.56,41.04,89.47,30,Chaitra
peas,1,61.6,28.87,94.75,31,Baisakh
peas,2,94.42,59.97,127.4,31,Jestha
peas,3,99.43,66.75,132.55,32,Ashadh
peas,4,16.64,5.18,39.64,31,Shrawan
peas,5,76.79,43.48,109.41,31,Bhadra
peas,6,161.18,128.41,193.86,31,Ashwin
peas,7,135.32,102.43,168.36,30,Kartik
peas,8,98.82,65.51,131.87,29,Mangsir
peas,9,58.94,26.06,91.93,30,Poush
peas,10,48.42,15.21,81.11,29,Magh
peas,11,48.03,14.88,80.77,30,Falgun
peas,12,45.15,12.09,78.54,30,Chaitra
bean,1,43.22,12.99,73.43,31,Baisakh
bean,2,32.53,3.34,62.19,31,Jestha
bean,3,55.19,25.57,84.7,32,Ashadh
bean,4,62.91,33.96,92.21,31,Shrawan
bean,5,69.52,40.32,98.67,31,Bhadra
bean,6,64.3,35.77,93.35,31,Ashwin
bean,7,49.27,19.95,78.03,30,Kartik
bean,8,62.42,32.88,91.83,29,Mangsir
bean,9,56.45,26.78,85.47,30,Poush
bean,10,50.15,20.94,79.75,29,Magh
bean,11,57.14,26.86,86.58,30,Falgun
bean,12,42.08,12.03,71.79,30,Chaitra
bean_rajma,1,54.25,28.38,80.03,31,Baisakh
bean_rajma,2,58.16,32.15,84.34,31,Jestha
bean_rajma,3,81.32,55.78,107.38,32,Ashadh
bean_rajma,4,99.58,74.77,124.67,31,Shrawan
bean_rajma,5,103.31,78.2,128.39,31,Bhadra
bean_rajma,6,122.25,97.09,147.37,31,Ashwin
bean_rajma,7,97.75,72.81,122.67,30,Kartik
bean_rajma,8,76.07,50.9,101.23,29,Mangsir
bean_rajma,9,80.15,54.88,105.43,30,Poush
bean_rajma,10,62.48,37.46,87.68,29,Magh
bean_rajma,11,62.99,37.79,88.49,30,Falgun
bean_rajma,12,64.34,38.6,90.11,30,Chaitra
sword_bean,1,71.72,41.65,99.91,31,Baisakh
sword_bean,2,95.39,61.16,128.39,31,Jestha
sword_bean,3,82.66,54.58,110.5,32,Ashadh
sword_bean,4,88.9,63.4,114.28,31,Shrawan
sword_bean,5,79.74,54.06,105.02,31,Bhadra
sword_bean,6,75.67,49.9,100.98,31,Ashwin
sword_bean,7,64.29,38.6,89.92,30,Kartik
sword_bean,8,60.69,35.08,86.19,29,Mangsir
sword_bean,9,34.04,8.17,59.43,30,Poush
sword_bean,10,35.98,9.9,61.63,29,Magh
sword_bean,11,52.43,25.13,78.56,30,Falgun
sword_bean,12,42.05,15.3,68.11,30,Chaitra
bitter_gourd,1,35.79,13.6,58.29,31,Baisakh
bitter_gourd,2,22.64,1.38,44.73,31,Jestha
bitter_gourd,3,40.69,19.26,62.19,32,Ashadh
bitter_gourd,4,33.55,12.84,54.43,31,Shrawan
bitter_gourd,5,44.57,23.76,65.4,31,Bhadra
bitter_gourd,6,59.63,38.56,80.56,31,Ashwin
bitter_gourd,7,60.67,39.6,81.75,30,Kartik
bitter_gourd,8,63.0,41.68,84.76,29,Mangsir
bitter_gourd,9,73.46,51.48,95.8,30,Poush
bitter_gourd,10,88.17,65.06,111.72,29,Magh
bitter_gourd,11,93.83,69.14,118.8,30,Falgun
bitter_gourd,12,75.58,51.09,100.51,30,Chaitra
bottle_gourd,1,17.24,3.0,31.48,31,Baisakh
bottle_gourd,2,20.02,5.69,34.19,31,Jestha
bottle_gourd,3,35.46,21.15,49.56,32,Ashadh
bottle_gourd,4,34.49,20.33,48.67,31,Shrawan
bottle_gourd,5,34.62,20.45,49.18,31,Bhadra
bottle_gourd,6,34.96,20.7,49.23,31,Ashwin
bottle_gourd,7,31.2,16.98,45.3,30,Kartik
bottle_gourd,8,30.74,16.14,44.79,29,Mangsir
bottle_gourd,9,34.64,20.21,48.88,30,Poush
bottle_gourd,10,33.75,19.5,48.02,29,Magh
bottle_gourd,11,32.66,18.35,46.93,30,Falgun
bottle_gourd,12,29.53,14.89,43.74,30,Chaitra
pointed_gourd,1,48.95,18.61,79.86,31,Baisakh
pointed_gourd,2,36.87,7.63,66.56,31,Jestha
pointed_gourd,3,36.99,13.0,60.93,32,Ashadh
pointed_gourd,4,50.55,29.42,71.3,31,Shrawan
pointed_gourd,5,48.43,27.1,69.58,31,Bhadra
pointed_gourd,6,54.51,33.22,75.73,31,Ashwin
pointed_gourd,7,51.0,29.24,72.87,30,Kartik
pointed_gourd,8,52.27,29.78,75.08,29,Mangsir
pointed_gourd,9,74.21,48.76,99.95,30,Poush
pointed_gourd,10,89.27,58.95,119.81,29,Magh
pointed_gourd,11,123.58,82.28,166.12,30,Falgun
pointed_gourd,12,68.13,36.04,101.76,30,Chaitra
pumpkin,1,48.09,40.14,56.07,31,Baisakh
pumpkin,2,45.66,37.49,53.81,31,Jestha
pumpkin,3,41.77,34.52,49.01,32,Ashadh
pumpkin,4,51.09,44.56,57.61,31,Shrawan
pumpkin,5,53.99,47.46,60.48,31,Bhadra
pumpkin,6,53.94,47.35,60.46,31,Ashwin
pumpkin,7,42.91,36.27,49.43,30,Kartik
pumpkin,8,40.55,33.86,47.19,29,Mangsir
pumpkin,9,46.21,39.4,52.99,30,Poush
pumpkin,10,45.89,38.82,52.84,29,Magh
pumpkin,11,48.36,40.96,55.68,30,Falgun
pumpkin,12,52.48,44.79,60.18,30,Chaitra
squash,1,13.56,0.02,29.56,31,Baisakh
squash,2,12.39,0.0,28.42,31,Jestha
squash,3,25.23,11.01,40.98,32,Ashadh
squash,4,42.1,26.29,57.87,31,Shrawan
squash,5,35.87,20.04,51.4,31,Bhadra
squash,6,28.76,13.12,44.45,31,Ashwin
squash,7,29.01,13.45,44.74,30,Kartik
squash,8,21.82,6.12,37.47,29,Mangsir
squash,9,18.62,3.04,34.27,30,Poush
squash,10,17.17,1.54,32.74,29,Magh
squash,11,14.78,0.37,30.42,30,Falgun
squash,12,15.42,0.31,31.33,30,Chaitra
okara,1,60.61,36.71,84.74,31,Baisakh
okara,2,33.34,10.13,56.52,31,Jestha
okara,3,53.49,30.19,76.69,32,Ashadh
okara,4,45.65,23.2,68.56,31,Shrawan
okara,5,46.66,24.04,69.41,31,Bhadra
okara,6,62.7,39.79,85.96,31,Ashwin
okara,7,73.25,50.01,96.46,30,Kartik
okara,8,83.27,60.43,106.51,29,Mangsir
okara,9,94.36,71.0,117.95,30,Poush
okara,10,98.93,75.25,122.92,29,Magh
okara,11,101.04,76.92,125.68,30,Falgun
okara,12,92.89,68.57,117.21,30,Chaitra
arum,1,91.67,80.44,103.42,31,Baisakh
arum,2,110.19,97.14,123.9,31,Jestha
arum,3,100.6,89.93,112.1,32,Ashadh
arum,4,97.58,88.83,106.44,31,Shrawan
arum,5,85.86,77.11,94.76,31,Bhadra
arum,6,78.24,69.37,87.08,31,Ashwin
arum,7,76.51,67.69,85.51,30,Kartik
arum,8,77.59,68.62,86.86,29,Mangsir
arum,9,82.51,73.34,91.97,30,Poush
arum,10,87.4,77.87,97.38,29,Magh
arum,11,92.01,82.16,102.5,30,Falgun
arum,12,90.67,80.16,101.7,30,Chaitra
christophine,1,33.19,22.02,44.22,31,Baisakh
christophine,2,40.88,28.83,52.83,31,Jestha
christophine,3,43.54,32.37,54.56,32,Ashadh
christophine,4,48.71,38.33,59.18,31,Shrawan
christophine,5,25.65,15.14,35.97,31,Bhadra
christophine,6,16.13,5.8,26.63,31,Ashwin
christophine,7,12.85,2.37,23.37,30,Kartik
christophine,8,14.11,3.71,24.52,29,Mangsir
christophine,9,25.29,14.58,35.7,30,Poush
christophine,10,32.93,22.17,43.51,29,Magh
christophine,11,31.53,20.53,42.03,30,Falgun
christophine,12,30.89,19.88,41.65,30,Chaitra
brd_leaf_mustard,1,44.61,18.36,70.22,31,Baisakh
brd_leaf_mustard,2,30.71,5.04,56.43,31,Jestha
brd_leaf_mustard,3,51.72,26.0,77.27,32,Ashadh
brd_leaf_mustard,4,75.31,50.07,100.3,31,Shrawan
brd_leaf_mustard,5,83.31,58.08,108.63,31,Bhadra
brd_leaf_mustard,6,83.23,57.75,108.62,31,Ashwin
brd_leaf_mustard,7,51.67,26.16,77.07,30,Kartik
brd_leaf_mustard,8,31.81,6.42,57.26,29,Mangsir
brd_leaf_mustard,9,29.88,4.27,54.84,30,Poush
brd_leaf_mustard,10,25.64,0.71,50.65,29,Magh
brd_leaf_mustard,11,24.29,0.4,49.35,30,Falgun
brd_leaf_mustard,12,41.13,15.46,66.46,30,Chaitra
spinach_leaf,1,14.08,0.0,49.41,31,Baisakh
spinach_leaf,2,8.98,0.0,43.93,31,Jestha
spinach_leaf,3,29.15,9.63,63.48,32,Ashadh
spinach_leaf,4,60.03,27.25,92.88,31,Shrawan
spinach_leaf,5,60.2,27.11,92.76,31,Bhadra
spinach_leaf,6,60.92,28.1,93.81,31,Ashwin
spinach_leaf,7,54.38,21.07,87.76,30,Kartik
spinach_leaf,8,34.45,2.26,67.41,29,Mangsir
spinach_leaf,9,26.86,0.0,60.27,30,Poush
spinach_leaf,10,17.53,0.0,51.18,29,Magh
spinach_leaf,11,11.5,0.0,44.75,30,Falgun
spinach_leaf,12,14.98,0.0,49.42,30,Chaitra
cress_leaf,1,57.0,14.11,100.52,31,Baisakh
cress_leaf,2,50.47,6.6,95.59,31,Jestha
cress_leaf,3,61.7,23.7,100.42,32,Ashadh
cress_leaf,4,114.13,79.59,148.28,31,Shrawan
cress_leaf,5,125.43,90.66,160.19,31,Bhadra
cress_leaf,6,120.95,85.61,155.55,31,Ashwin
cress_leaf,7,102.22,65.86,137.45,30,Kartik
cress_leaf,8,73.94,37.89,110.38,29,Mangsir
cress_leaf,9,61.72,25.21,97.88,30,Poush
cress_leaf,10,43.05,7.19,78.97,29,Magh
cress_leaf,11,32.93,0.0,68.78,30,Falgun
cress_leaf,12,48.99,9.86,88.46,30,Chaitra
fenugreek_leaf,1,33.07,0.0,131.78,31,Baisakh
fenugreek_leaf,2,29.33,0.0,145.61,31,Jestha
fenugreek_leaf,3,17.31,2.06,80.95,32,Ashadh
fenugreek_leaf,4,9.94,6.19,14.06,31,Shrawan
fenugreek_leaf,5,52.5,39.62,65.55,31,Bhadra
fenugreek_leaf,6,46.2,25.33,65.44,31,Ashwin
fenugreek_leaf,7,81.98,35.8,120.18,30,Kartik
fenugreek_leaf,8,51.18,6.92,89.65,29,Mangsir
fenugreek_leaf,9,39.47,0.0,79.88,30,Poush
fenugreek_leaf,10,27.07,0.0,66.68,29,Magh
fenugreek_leaf,11,20.49,0.0,60.94,30,Falgun
fenugreek_leaf,12,30.26,0.0,100.16,30,Chaitra
bakula,1,9.05,0.0,203.01,31,Baisakh
bakula,2,61.56,47.42,75.85,31,Jestha
bakula,3,27.59,20.65,35.12,32,Ashadh
bakula,4,1.65,0.37,3.46,31,Shrawan
bakula,5,30.25,9.67,52.05,31,Bhadra
bakula,6,19.42,0.0,55.69,31,Ashwin
bakula,7,53.69,0.0,159.03,30,Kartik
bakula,8,45.57,0.0,179.42,29,Mangsir
bakula,9,33.61,0.0,175.46,30,Poush
bakula,10,22.65,0.0,164.8,29,Magh
bakula,11,16.04,0.0,160.27,30,Falgun
bakula,12,9.01,0.0,132.62,30,Chaitra
yam,1,75.23,59.1,89.74,31,Baisakh
yam,2,65.05,56.03,74.27,31,Jestha
yam,3,0.0,0.0,0.0,32,Ashadh
yam,4,0.0,0.0,0.12,31,Shrawan
yam,5,0.6,0.0,3.35,31,Bhadra
yam,6,3.15,1.8,4.75,31,Ashwin
yam,7,84.66,72.87,96.06,30,Kartik
yam,8,64.77,52.97,76.0,29,Mangsir
yam,9,58.76,46.69,70.3,30,Poush
yam,10,60.27,47.48,72.3,29,Magh
yam,11,61.5,47.68,74.36,30,Falgun
yam,12,69.91,54.05,84.31,30,Chaitra
mushroom,1,242.83,202.85,282.82,31,Baisakh
mushroom,2,231.24,191.54,271.54,31,Jestha
mushroom,3,254.75,215.82,294.53,32,Ashadh
mushroom,4,277.69,238.94,316.53,31,Shrawan
mushroom,5,274.02,234.93,312.87,31,Bhadra
mushroom,6,262.08,223.01,301.12,31,Ashwin
mushroom,7,234.05,194.95,272.96,30,Kartik
mushroom,8,236.38,197.4,275.75,29,Mangsir
mushroom,9,227.74,188.61,267.06,30,Poush
mushroom,10,223.26,184.37,261.92,29,Magh
mushroom,11,217.95,179.35,257.65,30,Falgun
mushroom,12,220.51,180.85,260.12,30,Chaitra
brocauli,1,52.06,13.46,90.19,31,Baisakh
brocauli,2,51.16,12.48,90.15,31,Jestha
brocauli,3,74.71,36.13,113.91,32,Ashadh
brocauli,4,110.94,73.3,148.49,31,Shrawan
brocauli,5,141.09,103.57,178.44,31,Bhadra
brocauli,6,143.7,105.78,181.4,31,Ashwin
brocauli,7,84.63,46.91,122.57,30,Kartik
brocauli,8,57.44,19.5,95.93,29,Mangsir
brocauli,9,39.21,3.06,77.64,30,Poush
brocauli,10,32.64,0.0,70.4,29,Magh
brocauli,11,30.04,0.0,67.48,30,Falgun
brocauli,12,37.15,1.03,75.33,30,Chaitra
sugarbeet,1,64.93,42.33,89.28,31,Baisakh
sugarbeet,2,66.11,40.07,93.9,31,Jestha
sugarbeet,3,67.49,48.77,86.81,32,Ashadh
sugarbeet,4,73.86,63.75,84.13,31,Shrawan
sugarbeet,5,75.78,65.58,86.25,31,Bhadra
sugarbeet,6,74.52,63.57,85.76,31,Ashwin
sugarbeet,7,80.5,68.3,92.91,30,Kartik
sugarbeet,8,88.24,74.2,102.89,29,Mangsir
sugarbeet,9,79.04,63.85,94.84,30,Poush
sugarbeet,10,70.59,54.47,87.68,29,Magh
sugarbeet,11,66.57,48.73,85.48,30,Falgun
sugarbeet,12,62.15,43.05,82.3,30,Chaitra
lettuce,1,59.61,1.83,118.61,31,Baisakh
lettuce,2,70.58,11.1,129.95,31,Jestha
lettuce,3,88.52,29.6,147.39,32,Ashadh
lettuce,4,166.88,108.44,226.16,31,Shrawan
lettuce,5,134.19,74.27,192.75,31,Bhadra
lettuce,6,135.7,76.96,194.4,31,Ashwin
lettuce,7,147.36,87.83,206.21,30,Kartik
lettuce,8,75.21,16.01,134.52,29,Mangsir
lettuce,9,84.06,25.33,142.81,30,Poush
lettuce,10,73.28,14.06,131.62,29,Magh
lettuce,11,60.13,2.78,119.02,30,Falgun
lettuce,12,52.22,0.0,111.46,30,Chaitra
celery,1,302.59,194.36,412.27,31,Baisakh
celery,2,259.42,152.35,366.48,31,Jestha
celery,3,265.83,168.37,361.52,32,Ashadh
celery,4,370.28,286.81,453.2,31,Shrawan
celery,5,551.7,465.61,636.84,31,Bhadra
celery,6,644.65,554.31,732.07,31,Ashwin
celery,7,612.12,520.11,704.84,30,Kartik
celery,8,478.07,383.68,572.6,29,Mangsir
celery,9,396.79,302.52,493.66,30,Poush
celery,10,401.64,302.02,502.53,29,Magh
celery,11,309.71,212.13,407.55,30,Falgun
celery,12,206.87,113.63,301.22,30,Chaitra
parseley,1,356.28,163.05,561.42,31,Baisakh
parseley,2,372.07,157.06,601.34,31,Jestha
parseley,3,423.86,251.97,601.09,32,Ashadh
parseley,4,737.82,614.44,863.3,31,Shrawan
parseley,5,1274.32,1142.96,1410.92,31,Bhadra
parseley,6,817.52,683.59,957.78,31,Ashwin
parseley,7,1214.99,1037.61,1403.88,30,Kartik
parseley,8,1139.95,945.8,1350.27,29,Mangsir
parseley,9,769.99,585.13,967.94,30,Poush
parseley,10,718.38,513.55,941.28,29,Magh
parseley,11,489.64,304.35,689.44,30,Falgun
parseley,12,317.6,152.53,490.29,30,Chaitra
fennel_leaf,1,46.21,0.0,121.57,31,Baisakh
fennel_leaf,2,43.05,0.0,131.47,31,Jestha
fennel_leaf,3,83.82,50.09,146.6,32,Ashadh
fennel_leaf,4,157.05,139.88,174.9,31,Shrawan
fennel_leaf,5,0.0,0.0,0.0,31,Bhadra
fennel_leaf,6,117.64,87.92,148.43,31,Ashwin
fennel_leaf,7,103.64,67.37,139.61,30,Kartik
fennel_leaf,8,64.63,29.85,99.96,29,Mangsir
fennel_leaf,9,52.56,14.84,90.37,30,Poush
fennel_leaf,10,39.54,2.45,77.9,29,Magh
fennel_leaf,11,28.77,0.0,66.28,30,Falgun
fennel_leaf,12,40.66,0.0,96.6,30,Chaitra
mint,1,97.24,0.0,255.83,31,Baisakh
mint,2,70.94,0.0,221.39,31,Jestha
mint,3,132.69,49.28,261.54,32,Ashadh
mint,4,325.48,228.12,423.3,31,Shrawan
mint,5,401.28,301.1,503.74,31,Bhadra
mint,6,486.82,372.76,605.44,31,Ashwin
mint,7,369.17,248.14,497.08,30,Kartik
mint,8,305.27,173.14,445.03,29,Mangsir
mint,9,248.03,108.57,396.92,30,Poush
mint,10,251.91,81.71,433.85,29,Magh
mint,11,204.34,31.99,395.74,30,Falgun
mint,12,108.2,0.0,255.27,30,Chaitra
turnip,1,41.84,20.31,62.15,31,Baisakh
turnip,2,38.25,15.98,59.11,31,Jestha
turnip,3,59.29,47.21,71.35,32,Ashadh
turnip,4,65.42,53.2,77.55,31,Shrawan
turnip,5,63.2,51.03,75.56,31,Bhadra
turnip,6,62.86,49.88,75.49,31,Ashwin
turnip,7,59.38,45.71,72.58,30,Kartik
turnip,8,51.96,37.71,65.77,29,Mangsir
turnip,9,51.45,36.0,66.32,30,Poush
turnip,10,46.51,30.37,62.09,29,Magh
turnip,11,40.7,23.88,56.8,30,Falgun
turnip,12,39.92,21.44,57.34,30,Chaitra
tamarind,1,177.54,141.35,211.6,31,Baisakh
tamarind,2,180.61,138.0,220.09,31,Jestha
tamarind,3,169.65,145.4,192.02,32,Ashadh
tamarind,4,164.04,159.46,168.63,31,Shrawan
tamarind,5,162.54,157.13,167.82,31,Bhadra
tamarind,6,160.79,153.92,167.38,31,Ashwin
tamarind,7,162.15,153.07,170.95,30,Kartik
tamarind,8,163.55,151.3,175.23,29,Mangsir
tamarind,9,165.4,148.98,180.55,30,Poush
tamarind,10,167.18,146.17,186.01,29,Magh
tamarind,11,168.92,143.61,192.24,30,Falgun
tamarind,12,172.64,142.16,201.11,30,Chaitra
bamboo_shoot,1,91.62,72.72,108.24,31,Baisakh
bamboo_shoot,2,95.04,72.44,115.04,31,Jestha
bamboo_shoot,3,101.68,86.9,115.28,32,Ashadh
bamboo_shoot,4,101.68,95.99,107.32,31,Shrawan
bamboo_shoot,5,97.2,91.19,102.93,31,Bhadra
bamboo_shoot,6,91.91,85.44,97.99,31,Ashwin
bamboo_shoot,7,88.85,81.66,95.54,30,Kartik
bamboo_shoot,8,89.3,81.0,96.72,29,Mangsir
bamboo_shoot,9,87.83,78.21,96.32,30,Poush
bamboo_shoot,10,88.08,76.83,98.07,29,Magh
bamboo_shoot,11,88.83,75.45,100.43,30,Falgun
bamboo_shoot,12,89.32,73.39,103.0,30,Chaitra
tofu,1,88.21,32.05,157.31,31,Baisakh
tofu,2,87.48,21.48,170.01,31,Jestha
tofu,3,99.59,62.02,146.01,32,Ashadh
tofu,4,110.81,102.86,118.84,31,Shrawan
tofu,5,98.89,89.76,108.11,31,Bhadra
tofu,6,91.22,80.38,102.73,31,Ashwin
tofu,7,88.52,74.67,104.04,30,Kartik
tofu,8,87.43,69.29,108.54,29,Mangsir
tofu,9,84.13,61.44,110.97,30,Poush
tofu,10,86.14,57.06,121.51,29,Magh
tofu,11,86.86,49.72,132.28,30,Falgun
tofu,12,84.35,39.7,138.87,30,Chaitra
gundruk,1,378.72,316.13,447.36,31,Baisakh
gundruk,2,385.83,314.14,465.24,31,Jestha
gundruk,3,362.85,315.13,414.8,32,Ashadh
gundruk,4,334.67,314.54,355.05,31,Shrawan
gundruk,5,333.85,312.82,355.22,31,Bhadra
gundruk,6,332.8,310.34,356.06,31,Ashwin
gundruk,7,345.8,320.58,372.51,30,Kartik
gundruk,8,336.5,308.11,366.38,29,Mangsir
gundruk,9,341.17,308.62,375.91,30,Poush
gundruk,10,350.94,312.48,392.53,29,Magh
gundruk,11,358.32,312.76,407.53,30,Falgun
gundruk,12,372.78,319.66,432.16,30,Chaitra
apple,1,232.01,146.01,307.7,31,Baisakh
apple,2,230.32,132.29,317.27,31,Jestha
apple,3,256.0,189.18,317.16,32,Ashadh
apple,4,278.1,250.31,305.86,31,Shrawan
apple,5,265.71,236.12,294.2,31,Bhadra
apple,6,250.45,218.4,280.62,31,Ashwin
apple,7,245.87,210.08,278.86,30,Kartik
apple,8,243.1,201.93,280.45,29,Mangsir
apple,9,232.66,186.22,274.91,30,Poush
apple,10,238.38,183.37,287.78,29,Magh
apple,11,219.56,159.14,273.01,30,Falgun
apple,12,225.03,153.62,288.94,30,Chaitra
lime,1,218.27,159.46,274.79,31,Baisakh
lime,2,156.68,102.68,208.38,31,Jestha
lime,3,146.6,102.31,190.27,32,Ashadh
lime,4,179.28,142.06,217.0,31,Shrawan
lime,5,204.32,166.95,241.69,31,Bhadra
lime,6,196.64,159.35,234.61,31,Ashwin
lime,7,140.26,102.56,178.22,30,Kartik
lime,8,111.54,73.94,149.43,29,Mangsir
lime,9,106.18,67.59,144.43,30,Poush
lime,10,129.54,89.16,168.67,29,Magh
lime,11,164.78,120.02,208.11,30,Falgun
lime,12,216.75,163.5,267.95,30,Chaitra
pomegranate,1,314.6,219.12,409.05,31,Baisakh
pomegranate,2,360.98,238.8,484.29,31,Jestha
pomegranate,3,387.81,301.71,475.82,32,Ashadh
pomegranate,4,364.16,325.96,402.12,31,Shrawan
pomegranate,5,355.33,316.29,393.9,31,Bhadra
pomegranate,6,404.36,361.98,446.85,31,Ashwin
pomegranate,7,449.71,399.14,499.15,30,Kartik
pomegranate,8,423.81,367.32,479.35,29,Mangsir
pomegranate,9,361.82,301.35,420.41,30,Poush
pomegranate,10,333.58,267.96,398.32,29,Magh
pomegranate,11,322.1,247.38,394.97,30,Falgun
pomegranate,12,311.93,229.17,392.79,30,Chaitra
orange,1,188.76,141.2,232.58,31,Baisakh
orange,2,202.04,144.97,255.07,31,Jestha
orange,3,207.85,167.92,245.89,32,Ashadh
orange,4,189.67,171.42,207.61,31,Shrawan
orange,5,151.69,132.97,169.92,31,Bhadra
orange,6,140.98,121.48,159.97,31,Ashwin
orange,7,126.54,106.51,145.9,30,Kartik
orange,8,126.17,104.72,146.49,29,Mangsir
orange,9,134.9,111.1,157.62,30,Poush
orange,10,152.6,124.26,178.74,29,Magh
orange,11,154.47,122.86,183.85,30,Falgun
orange,12,172.91,133.77,208.67,30,Chaitra
watermelon,1,51.7,34.07,68.64,31,Baisakh
watermelon,2,43.85,26.41,60.95,31,Jestha
watermelon,3,62.62,46.21,78.92,32,Ashadh
watermelon,4,77.29,64.2,90.46,31,Shrawan
watermelon,5,70.58,57.39,83.88,31,Bhadra
watermelon,6,85.44,71.62,98.87,31,Ashwin
watermelon,7,90.28,75.95,104.39,30,Kartik
watermelon,8,86.16,70.75,100.81,29,Mangsir
watermelon,9,80.23,64.32,95.43,30,Poush
watermelon,10,72.26,55.78,88.13,29,Magh
watermelon,11,62.62,46.0,78.63,30,Falgun
watermelon,12,59.39,41.87,76.12,30,Chaitra
cucumber,1,43.39,19.59,67.1,31,Baisakh
cucumber,2,39.61,15.52,63.6,31,Jestha
cucumber,3,51.5,27.5,75.16,32,Ashadh
cucumber,4,44.43,20.6,68.29,31,Shrawan
cucumber,5,51.57,28.01,75.31,31,Bhadra
cucumber,6,51.08,27.41,75.01,31,Ashwin
cucumber,7,65.18,41.24,89.05,30,Kartik
cucumber,8,56.38,32.31,80.11,29,Mangsir
cucumber,9,68.6,44.67,92.49,30,Poush
cucumber,10,74.54,50.47,98.59,29,Magh
cucumber,11,70.54,46.51,94.65,30,Falgun
cucumber,12,48.6,24.28,72.62,30,Chaitra
pear,1,258.9,156.08,357.74,31,Baisakh
pear,2,262.72,145.93,376.1,31,Jestha
pear,3,215.87,135.8,293.68,32,Ashadh
pear,4,168.72,128.72,208.73,31,Shrawan
pear,5,171.59,131.7,211.79,31,Bhadra
pear,6,198.71,156.76,240.39,31,Ashwin
pear,7,263.21,216.29,309.83,30,Kartik
pear,8,260.92,208.69,311.09,29,Mangsir
pear,9,254.44,196.53,311.85,30,Poush
pear,10,254.16,188.04,320.47,29,Magh
pear,11,250.52,174.83,324.82,30,Falgun
pear,12,247.7,160.78,332.19,30,Chaitra
papaya,1,70.69,50.29,90.45,31,Baisakh
papaya,2,79.57,54.83,103.3,31,Jestha
papaya,3,86.93,67.56,105.81,32,Ashadh
papaya,4,88.15,75.93,100.55,31,Shrawan
papaya,5,84.56,72.22,96.9,31,Bhadra
papaya,6,77.6,64.99,90.03,31,Ashwin
papaya,7,80.98,67.54,94.1,30,Kartik
papaya,8,78.66,64.63,92.38,29,Mangsir
papaya,9,72.1,57.58,86.26,30,Poush
papaya,10,69.2,53.81,84.34,29,Magh
papaya,11,70.18,53.43,86.67,30,Falgun
papaya,12,67.59,49.63,84.9,30,Chaitra
mombin,1,19.42,14.61,159.29,31,Baisakh
mombin,2,0.74,0.12,1.94,31,Jestha
mombin,3,2.6,0.05,6.87,32,Ashadh
mombin,4,15.14,0.42,33.92,31,Shrawan
mombin,5,7.51,0.0,28.79,31,Bhadra
mombin,6,2.98,0.0,29.2,31,Ashwin
mombin,7,0.22,0.0,34.54,30,Kartik
mombin,8,0.0,0.0,38.42,29,Mangsir
mombin,9,0.0,0.0,48.1,30,Poush
mombin,10,0.0,0.0,78.23,29,Magh
mombin,11,0.0,0.0,143.81,30,Falgun
mombin,12,0.0,0.0,220.66,30,Chaitra
ginger,1,0.0,0.0,108.5,31,Baisakh
ginger,2,0.0,0.0,126.52,31,Jestha
ginger,3,49.74,39.1,124.19,32,Ashadh
ginger,4,78.74,58.08,99.59,31,Shrawan
ginger,5,64.01,40.8,87.7,31,Bhadra
ginger,6,45.39,18.81,72.5,31,Ashwin
ginger,7,33.39,3.0,66.85,30,Kartik
ginger,8,19.6,0.0,58.56,29,Mangsir
ginger,9,10.48,0.0,56.97,30,Poush
ginger,10,2.44,0.0,65.31,29,Magh
ginger,11,0.0,0.0,70.94,30,Falgun
ginger,12,0.0,0.0,82.37,30,Chaitra
chilli,1,140.49,83.89,199.78,31,Baisakh
chilli,2,132.16,71.07,196.82,31,Jestha
chilli,3,148.72,103.63,194.2,32,Ashadh
chilli,4,172.87,144.64,201.48,31,Shrawan
chilli,5,166.28,137.12,195.75,31,Bhadra
chilli,6,175.13,145.45,205.94,31,Ashwin
chilli,7,178.76,147.29,212.63,30,Kartik
chilli,8,154.39,121.24,190.01,29,Mangsir
chilli,9,165.17,128.16,205.62,30,Poush
chilli,10,151.56,112.37,194.55,29,Magh
chilli,11,155.27,109.91,203.9,30,Falgun
chilli,12,155.36,103.25,211.33,30,Chaitra
capsicum,1,65.54,31.98,98.51,31,Baisakh
capsicum,2,49.5,17.34,81.18,31,Jestha
capsicum,3,75.47,43.28,107.31,32,Ashadh
capsicum,4,83.04,52.67,113.41,31,Shrawan
capsicum,5,68.08,37.56,98.46,31,Bhadra
capsicum,6,110.97,80.08,141.46,31,Ashwin
capsicum,7,112.89,82.14,143.81,30,Kartik
capsicum,8,69.88,38.47,100.4,29,Mangsir
capsicum,9,66.28,35.2,96.76,30,Poush
capsicum,10,59.96,29.02,90.79,29,Magh
capsicum,11,72.43,40.2,104.13,30,Falgun
capsicum,12,85.11,51.2,117.6,30,Chaitra
garlic,1,248.25,169.83,321.41,31,Baisakh
garlic,2,201.99,127.17,272.15,31,Jestha
garlic,3,198.09,143.21,250.65,32,Ashadh
garlic,4,233.67,198.58,268.13,31,Shrawan
garlic,5,273.62,237.35,309.39,31,Bhadra
garlic,6,314.94,276.29,353.07,31,Ashwin
garlic,7,309.55,266.58,350.34,30,Kartik
garlic,8,287.69,241.2,332.26,29,Mangsir
garlic,9,255.86,206.31,303.8,30,Poush
garlic,10,242.09,188.32,293.92,29,Magh
garlic,11,222.73,164.75,276.94,30,Falgun
garlic,12,213.35,149.85,273.73,30,Chaitra
coriander,1,55.21,0.0,150.84,31,Baisakh
coriander,2,50.7,0.0,148.04,31,Jestha
coriander,3,87.96,18.12,182.68,32,Ashadh
coriander,4,158.13,65.18,251.01,31,Shrawan
coriander,5,172.38,79.21,264.96,31,Bhadra
coriander,6,138.66,46.03,230.49,31,Ashwin
coriander,7,95.2,8.23,188.28,30,Kartik
coriander,8,81.45,0.46,176.53,29,Mangsir
coriander,9,52.6,0.0,145.75,30,Poush
coriander,10,41.34,0.0,135.58,29,Magh
coriander,11,25.63,0.0,119.67,30,Falgun
coriander,12,36.16,0.0,129.8,30,Chaitra
fish,1,261.03,166.39,341.22,31,Baisakh
fish,2,260.21,150.3,354.11,31,Jestha
fish,3,261.77,199.35,315.83,32,Ashadh
fish,4,264.52,252.64,276.37,31,Shrawan
fish,5,267.01,253.12,280.42,31,Bhadra
fish,6,269.51,251.81,286.76,31,Ashwin
fish,7,273.16,249.25,296.33,30,Kartik
fish,8,277.74,245.33,308.9,29,Mangsir
fish,9,283.2,239.11,323.96,30,Poush
fish,10,288.73,231.12,340.17,29,Magh
fish,11,281.78,211.85,343.42,30,Falgun
fish,12,267.42,186.65,337.43,30,Chaitra
barela,1,48.29,30.93,65.83,31,Baisakh
barela,2,74.97,57.23,92.55,31,Jestha
barela,3,60.72,43.05,78.31,32,Ashadh
barela,4,50.44,33.08,68.0,31,Shrawan
barela,5,55.08,37.51,72.8,31,Bhadra
barela,6,90.2,72.63,107.8,31,Ashwin
barela,7,40.29,22.65,57.89,30,Kartik
barela,8,40.97,23.28,58.44,29,Mangsir
barela,9,49.52,31.92,67.27,30,Poush
barela,10,40.15,22.46,57.81,29,Magh
barela,11,38.99,21.4,56.83,30,Falgun
barela,12,42.75,25.11,60.43,30,Chaitra
sweet_potato,1,45.38,2.55,96.29,31,Baisakh
sweet_potato,2,44.49,0.0,104.85,31,Jestha
sweet_potato,3,53.98,28.62,90.32,32,Ashadh
sweet_potato,4,4.9,3.38,6.62,31,Shrawan
sweet_potato,5,7.06,5.4,9.05,31,Bhadra
sweet_potato,6,77.86,65.07,91.82,31,Ashwin
sweet_potato,7,60.48,46.05,76.79,30,Kartik
sweet_potato,8,57.46,39.82,78.48,29,Mangsir
sweet_potato,9,57.87,34.82,85.89,30,Poush
sweet_potato,10,54.38,26.43,87.57,29,Magh
sweet_potato,11,51.83,18.83,91.29,30,Falgun
sweet_potato,12,49.06,10.81,94.66,30,Chaitra
mustard_leaf,1,29.68,16.96,42.64,31,Baisakh
mustard_leaf,2,21.87,9.25,34.47,31,Jestha
mustard_leaf,3,34.69,22.32,47.23,32,Ashadh
mustard_leaf,4,47.53,35.41,59.6,31,Shrawan
mustard_leaf,5,45.5,33.37,57.7,31,Bhadra
mustard_leaf,6,42.82,30.68,55.08,31,Ashwin
mustard_leaf,7,42.15,29.92,54.47,30,Kartik
mustard_leaf,8,36.28,23.96,48.7,29,Mangsir
mustard_leaf,9,34.05,21.77,46.4,30,Poush
mustard_leaf,10,29.54,17.3,41.88,29,Magh
mustard_leaf,11,22.32,10.21,34.71,30,Falgun
mustard_leaf,12,30.14,17.52,42.74,30,Chaitra
knol_khol,1,37.22,0.0,186.03,31,Baisakh
knol_khol,2,37.65,0.0,218.56,31,Jestha
knol_khol,3,36.83,14.34,144.45,32,Ashadh
knol_khol,4,0.0,0.0,0.0,31,Shrawan
knol_khol,5,13.35,9.02,17.84,31,Bhadra
knol_khol,6,2.21,0.59,3.93,31,Ashwin
knol_khol,7,69.93,10.62,124.22,30,Kartik
knol_khol,8,58.44,0.0,124.6,29,Mangsir
knol_khol,9,56.9,0.0,143.55,30,Poush
knol_khol,10,54.6,0.0,164.07,29,Magh
knol_khol,11,43.87,0.0,157.15,30,Falgun
knol_khol,12,41.06,0.0,174.29,30,Chaitra
grapes,1,239.63,157.3,327.9,31,Baisakh
grapes,2,264.59,163.98,371.71,31,Jestha
grapes,3,394.29,309.34,481.57,32,Ashadh
grapes,4,464.7,424.01,505.44,31,Shrawan
grapes,5,440.23,397.68,484.08,31,Bhadra
grapes,6,411.33,365.42,458.83,31,Ashwin
grapes,7,405.21,354.99,457.71,30,Kartik
grapes,8,354.75,299.76,411.56,29,Mangsir
grapes,9,322.23,262.84,385.31,30,Poush
grapes,10,267.76,206.43,331.91,29,Magh
grapes,11,193.87,136.69,255.19,30,Falgun
grapes,12,195.65,131.33,263.73,30,Chaitra
jack_fruit,1,89.48,76.24,102.73,31,Baisakh
jack_fruit,2,65.0,52.23,77.77,31,Jestha
jack_fruit,3,50.14,37.56,62.64,32,Ashadh
jack_fruit,4,49.56,37.31,61.99,31,Shrawan
jack_fruit,5,71.72,59.56,83.92,31,Bhadra
jack_fruit,6,94.51,82.3,106.8,31,Ashwin
jack_fruit,7,161.65,149.26,174.08,30,Kartik
jack_fruit,8,134.63,122.04,147.06,29,Mangsir
jack_fruit,9,135.88,123.19,148.65,30,Poush
jack_fruit,10,127.26,114.36,140.24,29,Magh
jack_fruit,11,120.58,107.5,133.77,30,Falgun
jack_fruit,12,109.34,95.98,122.71,30,Chaitra
smooth_gourd,1,25.04,4.01,45.8,31,Baisakh
smooth_gourd,2,20.33,0.14,41.34,31,Jestha
smooth_gourd,3,37.45,16.32,58.26,32,Ashadh
smooth_gourd,4,32.2,11.79,52.66,31,Shrawan
smooth_gourd,5,31.15,10.83,51.68,31,Bhadra
smooth_gourd,6,53.16,32.93,73.95,31,Ashwin
smooth_gourd,7,45.05,24.62,65.55,30,Kartik
smooth_gourd,8,48.52,27.85,69.39,29,Mangsir
smooth_gourd,9,60.51,39.38,81.45,30,Poush
smooth_gourd,10,54.95,33.4,75.95,29,Magh
smooth_gourd,11,65.26,42.88,87.69,30,Falgun
smooth_gourd,12,49.04,27.03,70.76,30,Chaitra
snake_gourd,1,21.13,0.0,100.1,31,Baisakh
snake_gourd,2,12.22,0.0,72.14,31,Jestha
snake_gourd,3,22.25,12.36,54.24,32,Ashadh
snake_gourd,4,28.57,17.99,39.23,31,Shrawan
snake_gourd,5,22.83,11.58,34.5,31,Bhadra
snake_gourd,6,25.43,11.41,39.58,31,Ashwin
snake_gourd,7,23.23,6.04,40.3,30,Kartik
snake_gourd,8,27.84,1.84,53.4,29,Mangsir
snake_gourd,9,23.51,0.0,52.94,30,Poush
snake_gourd,10,0.0,0.0,68.99,29,Magh
snake_gourd,11,0.0,0.0,106.07,30,Falgun
snake_gourd,12,27.18,0.0,108.8,30,Chaitra
neuro,1,0.0,0.0,242.7,31,Baisakh
neuro,2,0.0,0.0,202.5,31,Jestha
neuro,3,14.77,7.58,111.26,32,Ashadh
neuro,4,24.55,9.49,39.71,31,Shrawan
neuro,5,19.01,1.18,39.5,31,Bhadra
neuro,6,13.37,0.0,45.7,31,Ashwin
neuro,7,6.52,0.0,46.25,30,Kartik
neuro,8,2.59,0.0,71.01,29,Mangsir
neuro,9,25.51,0.0,718.38,30,Poush
neuro,10,17.79,0.0,333.52,29,Magh
neuro,11,0.0,0.0,185.71,30,Falgun
neuro,12,0.0,0.0,218.42,30,Chaitra
asparagus,1,462.54,194.88,732.39,31,Baisakh
asparagus,2,456.55,178.09,739.34,31,Jestha
asparagus,3,311.33,79.09,549.66,32,Ashadh
asparagus,4,501.03,281.93,715.86,31,Shrawan
asparagus,5,624.49,404.05,845.7,31,Bhadra
asparagus,6,596.34,376.48,817.05,31,Ashwin
asparagus,7,803.92,575.28,1031.02,30,Kartik
asparagus,8,1075.73,825.36,1329.93,29,Mangsir
asparagus,9,936.3,673.53,1200.6,30,Poush
asparagus,10,805.81,524.43,1090.77,29,Magh
asparagus,11,1463.49,1075.8,1863.65,30,Falgun
asparagus,12,590.38,317.43,868.53,30,Chaitra
soyabean,1,111.42,83.49,139.38,31,Baisakh
soyabean,2,92.42,64.22,120.39,31,Jestha
soyabean,3,95.6,67.6,123.41,32,Ashadh
soyabean,4,97.07,69.82,124.77,31,Shrawan
soyabean,5,89.21,61.5,117.08,31,Bhadra
soyabean,6,70.84,43.43,98.51,31,Ashwin
soyabean,7,70.95,43.42,98.45,30,Kartik
soyabean,8,4.9,0.52,16.81,29,Mangsir
soyabean,9,10.95,0.0,36.53,30,Poush
soyabean,10,24.53,6.99,50.46,29,Magh
soyabean,11,7.39,0.6,31.45,30,Falgun
soyabean,12,28.99,11.1,56.22,30,Chaitra
mango,1,165.54,132.7,201.04,31,Baisakh
mango,2,139.22,106.58,174.15,31,Jestha
mango,3,86.98,58.74,115.93,32,Ashadh
mango,4,163.18,136.01,190.18,31,Shrawan
mango,5,228.46,200.8,255.83,31,Bhadra
mango,6,20.14,13.16,28.77,31,Ashwin
mango,7,0.0,0.0,2.19,30,Kartik
mango,8,0.0,0.0,0.02,29,Mangsir
mango,9,0.0,0.0,0.0,30,Poush
mango,10,0.0,0.0,0.01,29,Magh
mango,11,0.0,0.0,0.47,30,Falgun
mango,12,30.85,19.7,44.88,30,Chaitra
litchi,1,61.83,32.28,101.17,31,Baisakh
litchi,2,199.15,157.96,240.38,31,Jestha
litchi,3,163.86,124.12,204.09,32,Ashadh
litchi,4,80.28,40.99,119.4,31,Shrawan
litchi,5,20.98,0.17,60.04,31,Bhadra
litchi,6,25.8,0.03,65.08,31,Ashwin
litchi,7,27.33,0.0,66.57,30,Kartik
litchi,8,27.34,0.0,66.71,29,Mangsir
litchi,9,25.29,0.0,65.06,30,Poush
litchi,10,23.18,0.0,62.8,29,Magh
litchi,11,23.43,0.02,62.1,30,Falgun
litchi,12,26.81,0.22,66.05,30,Chaitra
sponge_gourd,1,55.18,34.23,76.16,31,Baisakh
sponge_gourd,2,45.96,25.05,66.6,31,Jestha
sponge_gourd,3,48.44,31.96,64.78,32,Ashadh
sponge_gourd,4,52.99,40.38,65.76,31,Shrawan
sponge_gourd,5,48.95,36.34,61.63,31,Bhadra
sponge_gourd,6,70.28,57.18,83.5,31,Ashwin
sponge_gourd,7,14.89,10.19,20.43,30,Kartik
sponge_gourd,8,37.45,27.07,48.41,29,Mangsir
sponge_gourd,9,68.2,54.09,82.36,30,Poush
sponge_gourd,10,0.0,0.0,0.0,29,Magh
sponge_gourd,11,35.73,24.46,47.23,30,Falgun
sponge_gourd,12,58.38,38.9,77.54,30,Chaitra
guava,1,0.0,0.0,0.02,31,Baisakh
guava,2,25.18,15.8,36.24,31,Jestha
guava,3,0.0,0.0,0.0,32,Ashadh
guava,4,10.76,1.95,22.78,31,Shrawan
guava,5,29.21,3.71,56.66,31,Bhadra
guava,6,15.58,0.0,43.02,31,Ashwin
guava,7,9.5,0.0,40.23,30,Kartik
guava,8,1.06,0.0,34.71,29,Mangsir
guava,9,0.0,0.0,23.78,30,Poush
guava,10,0.0,0.0,16.75,29,Magh
guava,11,0.0,0.0,9.01,30,Falgun
guava,12,0.0,0.0,1.38,30,Chaitra
clive,1,146.12,104.58,186.71,31,Baisakh
clive,2,143.47,100.29,185.78,31,Jestha
clive,3,158.11,118.29,197.36,32,Ashadh
clive,4,201.39,166.63,236.02,31,Shrawan
clive,5,216.53,181.64,251.27,31,Bhadra
clive,6,228.77,193.16,263.85,31,Ashwin
clive,7,227.73,191.56,263.35,30,Kartik
clive,8,205.76,169.0,241.95,29,Mangsir
clive,9,197.53,160.01,234.75,30,Poush
clive,10,203.81,164.6,242.88,29,Magh
clive,11,176.01,135.84,215.54,30,Falgun
clive,12,145.59,105.68,184.76,30,Chaitra
lemon,1,33.36,4.13,75.87,31,Baisakh
lemon,2,0.0,0.0,0.0,31,Jestha
lemon,3,0.0,0.0,0.0,32,Ashadh
lemon,4,19.35,14.84,24.41,31,Shrawan
lemon,5,54.18,41.07,68.77,31,Bhadra
lemon,6,45.57,30.24,62.95,31,Ashwin
lemon,7,45.02,25.19,67.64,30,Kartik
lemon,8,49.45,21.22,80.75,29,Mangsir
lemon,9,45.3,13.71,80.87,30,Poush
lemon,10,48.93,7.76,95.02,29,Magh
lemon,11,52.25,1.44,110.22,30,Falgun
lemon,12,46.24,0.0,106.45,30,Chaitra
kiwi,1,455.39,152.28,758.49,31,Baisakh
kiwi,2,474.56,350.9,599.26,31,Jestha
kiwi,3,584.1,524.92,643.19,32,Ashadh
kiwi,4,614.42,546.23,682.93,31,Shrawan
kiwi,5,507.14,432.69,584.13,31,Bhadra
kiwi,6,308.0,234.72,382.8,31,Ashwin
kiwi,7,215.68,142.57,289.31,30,Kartik
kiwi,8,207.13,127.48,288.91,29,Mangsir
kiwi,9,229.18,132.92,325.87,30,Poush
kiwi,10,291.94,159.16,423.54,29,Magh
kiwi,11,396.07,191.91,595.06,30,Falgun
kiwi,12,420.02,170.14,660.9,30,Chaitra
drumstick,1,111.18,66.38,155.62,31,Baisakh
drumstick,2,115.29,70.4,160.52,31,Jestha
drumstick,3,200.8,155.79,245.7,32,Ashadh
drumstick,4,227.06,182.69,272.13,31,Shrawan
drumstick,5,209.85,165.51,254.14,31,Bhadra
drumstick,6,224.71,180.17,269.04,31,Ashwin
drumstick,7,220.32,175.41,265.22,30,Kartik
drumstick,8,237.64,192.4,282.5,29,Mangsir
drumstick,9,251.05,206.28,295.0,30,Poush
drumstick,10,261.6,215.91,306.77,29,Magh
drumstick,11,208.56,163.37,253.39,30,Falgun
drumstick,12,177.26,132.53,222.8,30,Chaitra
kinnow,1,40.12,36.22,196.08,30,Baisakh
kinnow,2,20.71,16.41,25.63,32,Jestha
kinnow,3,0.0,0.0,0.0,31,Ashadh
kinnow,4,0.0,0.0,0.0,32,Shrawan
kinnow,5,0.0,0.0,3.22,31,Bhadra
kinnow,6,0.0,0.0,23.15,30,Ashwin
kinnow,7,3.06,0.0,59.78,30,Kartik
kinnow,8,5.89,0.0,123.99,30,Mangsir
kinnow,9,0.0,0.0,120.84,29,Poush
kinnow,10,0.0,0.0,110.84,30,Magh
kinnow,11,0.0,0.0,125.12,29,Falgun
kinnow,12,0.0,0.0,179.18,31,Chaitra
mandarin,1,140.97,84.89,198.08,31,Baisakh
mandarin,2,138.9,76.84,201.69,31,Jestha
mandarin,3,161.3,110.21,213.0,32,Ashadh
mandarin,4,193.64,155.06,232.26,31,Shrawan
mandarin,5,212.69,173.64,251.84,31,Bhadra
mandarin,6,229.99,189.82,269.5,31,Ashwin
mandarin,7,213.11,172.31,253.98,30,Kartik
mandarin,8,194.33,151.75,237.33,29,Mangsir
mandarin,9,157.49,114.8,200.75,30,Poush
mandarin,10,146.88,102.07,192.17,29,Magh
mandarin,11,133.63,86.7,180.9,30,Falgun
mandarin,12,142.08,90.52,193.91,30,Chaitra
strawberry,1,10.41,0.0,1136.96,31,Baisakh
strawberry,2,35.72,22.03,304.82,31,Jestha
strawberry,3,0.0,0.0,0.0,32,Ashadh
strawberry,4,0.0,0.0,0.0,31,Shrawan
strawberry,5,0.0,0.0,30.8,31,Bhadra
strawberry,6,0.0,0.0,207.09,31,Ashwin
strawberry,7,87.68,0.0,474.91,30,Kartik
strawberry,8,152.99,0.0,920.27,29,Mangsir
strawberry,9,122.52,0.0,1076.84,30,Poush
strawberry,10,97.69,0.0,1273.6,29,Magh
strawberry,11,65.15,0.0,1289.34,30,Falgun
strawberry,12,27.41,0.0,987.82,30,Chaitra
bauhania_flower,1,263.99,200.38,327.99,31,Baisakh
bauhania_flower,2,235.36,172.04,299.55,31,Jestha
bauhania_flower,3,191.24,127.28,254.89,32,Ashadh
bauhania_flower,4,206.54,142.87,269.84,31,Shrawan
bauhania_flower,5,219.63,155.48,282.59,31,Bhadra
bauhania_flower,6,227.86,164.0,291.83,31,Ashwin
bauhania_flower,7,232.94,168.82,297.57,30,Kartik
bauhania_flower,8,219.62,156.8,282.69,29,Mangsir
bauhania_flower,9,192.17,128.35,255.79,30,Poush
bauhania_flower,10,175.54,134.23,225.37,29,Magh
bauhania_flower,11,243.12,185.92,304.96,30,Falgun
bauhania_flower,12,190.21,125.8,253.26,30,Chaitra
sarifa,1,109.29,84.44,136.12,31,Baisakh
sarifa,2,0.0,0.0,0.0,31,Jestha
sarifa,3,0.0,0.0,0.42,32,Ashadh
sarifa,4,237.77,187.2,288.42,31,Shrawan
sarifa,5,207.66,155.56,257.49,31,Bhadra
sarifa,6,184.22,130.67,236.94,31,Ashwin
sarifa,7,191.82,132.2,251.1,30,Kartik
sarifa,8,234.42,157.43,310.57,29,Mangsir
sarifa,9,242.58,183.7,300.95,29,Poush
sarifa,10,170.39,142.88,199.25,30,Magh
sarifa,11,0.0,0.0,0.0,29,Falgun
sarifa,12,3.14,0.0,12.79,31,Chaitra
avocado,1,718.39,379.86,1079.94,31,Baisakh
avocado,2,663.63,504.86,832.81,31,Jestha
avocado,3,697.46,649.6,745.33,32,Ashadh
avocado,4,660.36,607.04,715.29,31,Shrawan
avocado,5,353.9,301.7,408.06,31,Bhadra
avocado,6,292.67,236.34,350.68,31,Ashwin
avocado,7,262.13,201.29,325.42,30,Kartik
avocado,8,273.67,204.21,347.97,29,Mangsir
avocado,9,308.21,222.22,399.77,30,Poush
avocado,10,366.43,248.53,487.93,29,Magh
avocado,11,565.55,360.31,775.56,30,Falgun
avocado,12,690.7,405.2,993.06,30,Chaitra
amla,1,117.88,96.41,139.44,31,Baisakh
amla,2,37.38,29.79,45.69,31,Jestha
amla,3,0.0,0.0,0.0,32,Ashadh
amla,4,92.44,78.39,106.53,31,Shrawan
amla,5,117.76,102.26,132.93,31,Bhadra
amla,6,87.3,71.78,102.67,31,Ashwin
amla,7,75.83,60.0,91.48,30,Kartik
amla,8,80.65,64.43,96.74,29,Mangsir
amla,9,79.9,63.02,96.59,30,Poush
amla,10,84.08,66.23,101.56,29,Magh
amla,11,97.24,77.6,116.36,30,Falgun
amla,12,116.13,93.82,138.97,30,Chaitra
tree_tomato,1,139.75,0.0,315.31,31,Baisakh
tree_tomato,2,100.8,87.95,114.05,31,Jestha
tree_tomato,3,0.0,0.0,0.0,32,Ashadh
tree_tomato,4,0.0,0.0,0.0,31,Shrawan
tree_tomato,5,2.12,0.34,5.05,31,Bhadra
tree_tomato,6,115.29,77.27,154.8,31,Ashwin
tree_tomato,7,159.12,96.98,224.18,30,Kartik
tree_tomato,8,152.78,76.36,232.77,29,Mangsir
tree_tomato,9,138.88,53.13,228.35,30,Poush
tree_tomato,10,148.29,37.01,263.55,29,Magh
tree_tomato,11,147.63,17.12,283.47,30,Falgun
tree_tomato,12,151.41,1.98,314.34,30,Chaitra
lentinula_edodes,1,580.05,543.87,616.2,31,Baisakh
lentinula_edodes,2,637.33,601.47,673.15,31,Jestha
lentinula_edodes,3,816.29,780.31,852.2,32,Ashadh
lentinula_edodes,4,847.13,811.04,882.49,31,Shrawan
lentinula_edodes,5,789.64,753.5,825.35,31,Bhadra
lentinula_edodes,6,460.43,424.8,496.49,31,Ashwin
lentinula_edodes,7,836.89,800.95,872.95,30,Kartik
lentinula_edodes,8,733.47,697.61,769.49,29,Mangsir
lentinula_edodes,9,595.35,559.26,631.05,30,Poush
lentinula_edodes,10,588.64,553.19,624.24,29,Magh
lentinula_edodes,11,632.31,596.13,667.84,30,Falgun
lentinula_edodes,12,591.81,556.01,627.58,30,Chaitra
king_oyster,1,284.77,272.41,297.84,31,Baisakh
king_oyster,2,285.05,270.58,300.35,31,Jestha
king_oyster,3,287.08,279.65,294.86,32,Ashadh
king_oyster,4,287.16,286.32,288.04,31,Shrawan
king_oyster,5,286.33,285.0,287.78,31,Bhadra
king_oyster,6,285.2,283.04,287.59,31,Ashwin
king_oyster,7,284.96,281.72,288.52,30,Kartik
king_oyster,8,284.88,280.42,289.66,29,Mangsir
king_oyster,9,284.84,279.04,290.94,30,Poush
king_oyster,10,284.81,277.66,292.32,29,Magh
king_oyster,11,284.8,276.18,293.94,30,Falgun
king_oyster,12,284.78,274.36,295.74,30,Chaitra
